Experiment ID,Rank-1,Rank-2,Rank-3,Rank-4,Rank-5,Rank-6,Rank-7,Rank-8,Rank-9,Rank-10
A,0.05303030303030303,0.08333333333333334,0.15909090909090912,0.2272727272727273,0.28030303030303033,0.36363636363636365,0.4318181818181818,0.5151515151515151,0.5833333333333333,0.6666666666666666
